DD:MM:YYYY,hh:mm:ss,�C,�C,n/a
Date,Time,TemperatureSensor:0.tempValue,TemperatureSensor:1.tempValue,OpenCloseSensor:0.stateOpenClose
18.03.2020,11:02:48,0,9,0
18.03.2020,11:02:49,0,9,0
18.03.2020,11:02:50,0,9,0
18.03.2020,11:02:52,0,9,0
18.03.2020,11:02:53,0,9,0
18.03.2020,11:02:55,0,9,0
18.03.2020,11:02:57,0,9,0
18.03.2020,11:02:59,0,9,0
18.03.2020,11:03:00,0,9,0
18.03.2020,11:03:02,0,9,0
18.03.2020,11:03:04,41.12,9,0
18.03.2020,11:03:05,41.12,9,0
18.03.2020,11:03:07,41.12,9,0
18.03.2020,11:03:09,41.12,9,0
18.03.2020,11:03:11,41.12,9,0
18.03.2020,11:03:12,41.12,9,0
18.03.2020,11:03:14,41.12,9,0
18.03.2020,11:03:16,41.12,9,0
18.03.2020,11:03:17,41.12,9,0
18.03.2020,11:03:19,41.12,9,0
18.03.2020,11:03:21,41.12,9,0
18.03.2020,11:03:22,41.12,9,0
18.03.2020,11:03:24,41.12,9,0
18.03.2020,11:03:26,41.12,9,0
18.03.2020,11:03:28,41.12,9,0
18.03.2020,11:03:29,41.12,9,0
18.03.2020,11:03:31,41.12,9,0
18.03.2020,11:03:33,41.12,9,0
18.03.2020,11:03:34,41.12,9,0
18.03.2020,11:03:36,41.12,9,0
18.03.2020,11:03:38,41.12,9,0
18.03.2020,11:03:39,41.12,9,0
18.03.2020,11:03:41,41.12,9,0
18.03.2020,11:03:43,41.12,9,0
18.03.2020,11:03:45,41.12,9,0
18.03.2020,11:03:46,41.12,9,0
18.03.2020,11:03:48,41.12,9,0
18.03.2020,11:03:50,41.12,9,0
18.03.2020,11:03:51,41.12,9,0
18.03.2020,11:03:53,41.12,9,0
18.03.2020,11:03:55,41.12,9,0
18.03.2020,11:03:57,41.12,9,0
18.03.2020,11:03:58,41.12,9,0
18.03.2020,11:04:00,41.12,9,0
18.03.2020,11:04:02,41.12,9,0
18.03.2020,11:04:03,41.12,9,0
18.03.2020,11:04:05,41.12,9,0
18.03.2020,11:04:07,41.12,9,0
18.03.2020,11:04:08,41.12,9,0
18.03.2020,11:04:10,41.12,9,0
18.03.2020,11:04:12,41.12,9,0
18.03.2020,11:04:14,41.12,9,0
18.03.2020,11:04:15,41.12,9,0
18.03.2020,11:04:17,41.12,9,0
18.03.2020,11:04:19,41.12,9,0
18.03.2020,11:04:20,41.12,9,0
18.03.2020,11:04:22,41.12,9,0
18.03.2020,11:04:24,41.12,9,0
18.03.2020,11:04:26,41.12,9,0
18.03.2020,11:04:27,41.12,9,0
18.03.2020,11:04:29,41.12,9,0
18.03.2020,11:04:31,41.24,9,0
18.03.2020,11:04:32,41.24,9,0
18.03.2020,11:04:34,41.24,9,0
18.03.2020,11:04:36,41.24,9,0
18.03.2020,11:04:38,41.24,9,0
18.03.2020,11:04:39,41.24,9,0
18.03.2020,11:04:41,41.14,9,0
18.03.2020,11:04:43,41.14,9,0
18.03.2020,11:04:44,41.14,9,0
18.03.2020,11:04:46,41.14,9,0
18.03.2020,11:04:48,41.14,9,0
18.03.2020,11:04:49,41.14,9,0
18.03.2020,11:04:51,41.14,9,0
18.03.2020,11:04:53,41.14,9,0
18.03.2020,11:04:55,41.14,9,0
18.03.2020,11:04:56,41.14,9,0
18.03.2020,11:04:58,41.14,9,0
18.03.2020,11:05:00,41.14,9,0
18.03.2020,11:05:01,41.14,9,0
18.03.2020,11:05:03,41.14,9,0
18.03.2020,11:05:05,41.14,9,0
18.03.2020,11:05:07,41.14,9,0
18.03.2020,11:05:08,41.14,9,0
18.03.2020,11:05:10,41.14,9,0
18.03.2020,11:05:12,3,9,0
18.03.2020,11:05:14,3,9,0
18.03.2020,11:05:15,3,9,0
18.03.2020,11:05:17,3,9,0
18.03.2020,11:05:19,3,9,0
18.03.2020,11:05:20,3,9,0
18.03.2020,11:05:22,3,9,0
18.03.2020,11:05:24,3,9,0
18.03.2020,11:05:25,3,9,0
18.03.2020,11:05:27,3,9,0
18.03.2020,11:05:29,3,9,0
18.03.2020,11:05:31,3,9,0
18.03.2020,11:05:32,3,9,0
18.03.2020,11:05:34,3,9,0
18.03.2020,11:05:36,3,9,0
18.03.2020,11:05:37,3,9,0
18.03.2020,11:05:39,3,9,0
18.03.2020,11:05:41,3,9,0
18.03.2020,11:05:42,3,9,0
18.03.2020,11:05:44,3,9,0
18.03.2020,11:05:46,3,9,0
18.03.2020,11:05:48,3,9,0
18.03.2020,11:05:49,3,9,0
18.03.2020,11:05:51,3,9,0
18.03.2020,11:05:53,3,9,0
18.03.2020,11:05:54,3,9,0
18.03.2020,11:05:56,3,9,0
18.03.2020,11:05:58,3,9,0
18.03.2020,11:06:00,3,6.8,0
18.03.2020,11:06:01,3,5,0
18.03.2020,11:06:03,3,5,0
18.03.2020,11:06:05,3,5,0
18.03.2020,11:06:06,3,5,0
18.03.2020,11:06:08,3,5,0
18.03.2020,11:06:10,3,5,0
18.03.2020,11:06:11,3,5,0
18.03.2020,11:06:13,3,5,0
18.03.2020,11:06:15,3,5,0
18.03.2020,11:06:17,3,5,0
18.03.2020,11:06:18,3,5,0
18.03.2020,11:06:20,3,5,0
18.03.2020,11:06:22,3,5,0
18.03.2020,11:06:23,3,5,0
18.03.2020,11:06:25,3,5,0
18.03.2020,11:06:27,3,5,0
18.03.2020,11:06:29,3,5,0
18.03.2020,11:06:30,3,5,0
18.03.2020,11:06:32,3,5,0
18.03.2020,11:06:34,3,5,0
18.03.2020,11:06:35,3,5,0
18.03.2020,11:06:37,3,5,0
18.03.2020,11:06:39,3,5,0
18.03.2020,11:06:40,3,5,0
18.03.2020,11:06:42,3,5,0
18.03.2020,11:06:43,0,5,1
18.03.2020,11:06:44,0,5,1
18.03.2020,11:06:45,0,5,1
18.03.2020,11:06:47,0,5,1
18.03.2020,11:06:49,0,5,1
18.03.2020,11:06:51,0,5,1
18.03.2020,11:06:52,0,5,1
18.03.2020,11:06:54,0,5,1
18.03.2020,11:06:56,0,5,1
18.03.2020,11:06:57,0,5,1
18.03.2020,11:06:59,0,5,1
18.03.2020,11:07:01,0,5,1
18.03.2020,11:07:03,0,5,1
18.03.2020,11:07:04,0,5,1
18.03.2020,11:07:06,0,5,1
18.03.2020,11:07:08,0,5,1
18.03.2020,11:07:09,0,5,1
18.03.2020,11:07:11,0,5,1
18.03.2020,11:07:13,0,5,1
18.03.2020,11:07:14,0,5,1
18.03.2020,11:07:16,0,5,1
18.03.2020,11:07:18,0,5,1
18.03.2020,11:07:20,0,5,1
18.03.2020,11:07:21,0,5,1
18.03.2020,11:07:23,0,5,1
18.03.2020,11:07:25,0,5,1
18.03.2020,11:07:26,0,5,1
18.03.2020,11:07:28,0,5,1
18.03.2020,11:07:30,0,5,1
18.03.2020,11:07:31,0,5,1
18.03.2020,11:07:33,0,5,1
18.03.2020,11:07:35,0,5,1
18.03.2020,11:07:37,0,5,1
18.03.2020,11:07:38,0,5,1
18.03.2020,11:07:40,0,5,1
18.03.2020,11:07:42,0,5,1
18.03.2020,11:07:43,0,4,1
18.03.2020,11:07:45,0,4,1
18.03.2020,11:07:47,0,4,1
18.03.2020,11:07:49,0,4,1
18.03.2020,11:07:50,0,4,1
18.03.2020,11:07:52,0,4,1
18.03.2020,11:07:54,0,4,1
18.03.2020,11:07:55,0,4,1
18.03.2020,11:07:57,0,4,1
18.03.2020,11:07:59,0,4,1
18.03.2020,11:08:00,0,4,1
18.03.2020,11:08:02,0,4,0
18.03.2020,11:08:04,0,4,0
18.03.2020,11:08:06,0,4,0
18.03.2020,11:08:08,0,4,0
18.03.2020,11:08:09,0,4,0
18.03.2020,11:08:11,0,4,0
18.03.2020,11:08:13,0,4,0
18.03.2020,11:08:14,0,4,0
18.03.2020,11:08:16,0,4,0
18.03.2020,11:08:18,0,3.9,0
18.03.2020,11:08:19,0,4,0
18.03.2020,11:08:21,0,4,0
18.03.2020,11:08:23,0,4,0
18.03.2020,11:08:25,0,4,0
18.03.2020,11:08:26,0,4,0
18.03.2020,11:08:28,0,4,0
18.03.2020,11:08:30,0,4,0
18.03.2020,11:08:31,0,4,0
18.03.2020,11:08:33,0,4,0
18.03.2020,11:08:35,0,4,0
18.03.2020,11:08:37,0,4,0
18.03.2020,11:08:38,0,4,0
18.03.2020,11:08:40,0,4,0
18.03.2020,11:08:42,0,4,0
18.03.2020,11:08:43,0,4,0
18.03.2020,11:08:45,0,4,0
18.03.2020,11:08:47,0,4,0
18.03.2020,11:08:48,0,4,0
18.03.2020,11:08:50,0,4,0
18.03.2020,11:08:52,0,4,0
18.03.2020,11:08:54,0,4,0
18.03.2020,11:08:55,0,4,0
18.03.2020,11:08:57,0,4,0
18.03.2020,11:08:59,0,4,0
18.03.2020,11:09:00,0,3.9,0
18.03.2020,11:09:02,0,4,0
18.03.2020,11:09:04,0,4,0
18.03.2020,11:09:05,0,4,0
18.03.2020,11:09:07,0,4,0
18.03.2020,11:09:09,0,4,0
18.03.2020,11:09:11,0,4,0
18.03.2020,11:09:12,0,4,0
18.03.2020,11:09:14,0,4,0
18.03.2020,11:09:16,0,4,0
18.03.2020,11:09:17,0,4,0
18.03.2020,11:09:19,0,4,0
18.03.2020,11:09:21,0,4,0
18.03.2020,11:09:23,0,4,0
18.03.2020,11:09:24,0,3.9,0
18.03.2020,11:09:26,0,4,0
18.03.2020,11:09:28,0,4,0
18.03.2020,11:09:29,0,4,0
18.03.2020,11:09:31,0,4,0
18.03.2020,11:09:33,0,4,0
18.03.2020,11:09:34,0,4,0
18.03.2020,11:09:36,0,4,0
18.03.2020,11:09:38,0,4,0
18.03.2020,11:09:40,0,4,0
18.03.2020,11:09:41,0,4,0
18.03.2020,11:09:43,0,4,0
18.03.2020,11:09:45,0,4,0
18.03.2020,11:09:46,0,4,0
18.03.2020,11:09:48,0,4,0
18.03.2020,11:09:50,0,4,0
18.03.2020,11:09:52,0,4,0
18.03.2020,11:09:53,0,4,0
18.03.2020,11:09:55,0,4,0
18.03.2020,11:09:57,0,4,0
18.03.2020,11:09:58,0,4,0
18.03.2020,11:10:00,0,4,0
18.03.2020,11:10:02,0,4,0
18.03.2020,11:10:03,0,4,0
18.03.2020,11:10:05,0,4,0
18.03.2020,11:10:07,0,4,0
18.03.2020,11:10:09,0,4,0
18.03.2020,11:10:10,0,3.9,0
18.03.2020,11:10:12,0,4,0
18.03.2020,11:10:14,0,4,0
18.03.2020,11:10:15,0,4,0
18.03.2020,11:10:17,0,4,0
18.03.2020,11:10:19,0,4,0
18.03.2020,11:10:20,0,4,0
18.03.2020,11:10:22,0,4,0
18.03.2020,11:10:24,0,4,0
18.03.2020,11:10:26,0,4,0
18.03.2020,11:10:27,0,4,0
18.03.2020,11:10:29,0,4,0
18.03.2020,11:10:31,0,4,0
18.03.2020,11:10:32,0,4,0
18.03.2020,11:10:34,0,4,0
18.03.2020,11:10:36,0,4,0
18.03.2020,11:10:38,0,4,0
18.03.2020,11:10:39,0,4,0
18.03.2020,11:10:41,0,4,0
18.03.2020,11:10:43,0,4,0
18.03.2020,11:10:44,0,4,0
18.03.2020,11:10:46,0,4,0
18.03.2020,11:10:48,0,4,0
18.03.2020,11:10:49,0,4,0
18.03.2020,11:10:51,0,4,0
18.03.2020,11:10:53,0,4,0
18.03.2020,11:10:55,0,4,0
18.03.2020,11:10:56,0,4,0
18.03.2020,11:10:58,0,4,0
18.03.2020,11:11:00,0,4,0
18.03.2020,11:11:01,0,4,0
18.03.2020,11:11:03,0,4,1
18.03.2020,11:11:05,0,4,1
18.03.2020,11:11:07,0,4,1
18.03.2020,11:11:09,0,4,1
18.03.2020,11:11:10,0,4,1
18.03.2020,11:11:12,0,4,1
18.03.2020,11:11:14,0,4,0
18.03.2020,11:11:15,0,4,0
18.03.2020,11:11:17,0,4,0
18.03.2020,11:11:19,0,4,0
18.03.2020,11:11:21,0,4,0
18.03.2020,11:11:22,0,4,0
18.03.2020,11:11:24,0,4,0
18.03.2020,11:11:26,0,4,0
18.03.2020,11:11:28,0,4,0
18.03.2020,11:11:29,0,4,0
18.03.2020,11:11:31,0,4,0
18.03.2020,11:11:33,0,4,0
18.03.2020,11:11:34,0,4,0
18.03.2020,11:11:36,0,4,0
18.03.2020,11:11:38,0,4,0
18.03.2020,11:11:39,0,4,0
18.03.2020,11:11:41,0,4,0
18.03.2020,11:11:43,0,4,0
18.03.2020,11:11:45,0,4,0
18.03.2020,11:11:46,0,4,0
18.03.2020,11:11:48,0,4,0
18.03.2020,11:11:50,0,3.9,0
18.03.2020,11:11:51,0,4,0
18.03.2020,11:11:53,0,4,0
18.03.2020,11:11:55,0,4,0
18.03.2020,11:11:57,0,4,0
18.03.2020,11:11:58,0,4,0
18.03.2020,11:12:00,0,4,0
18.03.2020,11:12:02,0,4,0
18.03.2020,11:12:03,0,4,0
18.03.2020,11:12:05,0,4,0
18.03.2020,11:12:07,0,4,0
18.03.2020,11:12:08,0,4,0
18.03.2020,11:12:10,41.07,4,0
18.03.2020,11:12:12,41.07,4,0
18.03.2020,11:12:14,41.07,4,0
18.03.2020,11:12:15,41.07,4,0
18.03.2020,11:12:17,41.07,4,0
18.03.2020,11:12:19,41.07,4,0
18.03.2020,11:12:20,41.07,4,0
18.03.2020,11:12:22,41.07,4,0
18.03.2020,11:12:24,41.07,4,0
18.03.2020,11:12:25,41.07,4,0
18.03.2020,11:12:27,41.07,4,0
18.03.2020,11:12:29,41.07,4,0
18.03.2020,11:12:31,41.07,4,0
18.03.2020,11:12:32,41.07,4,0
18.03.2020,11:12:34,41.07,4,0
18.03.2020,11:12:36,41.07,4,0
18.03.2020,11:12:37,41.07,4,0
18.03.2020,11:12:39,41.07,4,0
18.03.2020,11:12:41,41.07,4,0
18.03.2020,11:12:43,41.07,4,0
18.03.2020,11:12:44,41.07,4,0
18.03.2020,11:12:46,41.07,4,0
18.03.2020,11:12:48,41.07,4,0
18.03.2020,11:12:49,41.07,4,0
18.03.2020,11:12:51,41.07,4,0
18.03.2020,11:12:53,41.07,4,0
18.03.2020,11:12:54,41.07,4,0
18.03.2020,11:12:56,41.07,4,0
18.03.2020,11:12:58,41.07,4,0
18.03.2020,11:13:00,41.07,4,0
18.03.2020,11:13:01,41.07,4,0
18.03.2020,11:13:03,41.07,4,0
18.03.2020,11:13:05,41.07,4,0
18.03.2020,11:13:06,41.07,4,0
18.03.2020,11:13:08,41.07,4,0
18.03.2020,11:13:10,41.07,4,0
18.03.2020,11:13:12,41.07,4,0
18.03.2020,11:13:13,41.07,3.9,0
18.03.2020,11:13:15,41.07,4,0
18.03.2020,11:13:17,41.07,4,0
18.03.2020,11:13:18,41.07,4,0
18.03.2020,11:13:20,41.07,4,0
18.03.2020,11:13:22,41.07,4,0
18.03.2020,11:13:23,41.07,4,0
18.03.2020,11:13:25,41.07,4,0
18.03.2020,11:13:27,41.07,4,0
18.03.2020,11:13:29,41.07,4,0
18.03.2020,11:13:30,41.07,4,0
18.03.2020,11:13:32,41.07,4,0
18.03.2020,11:13:34,41.07,4,0
18.03.2020,11:13:35,41.07,4,0
18.03.2020,11:13:37,41.07,4,0
18.03.2020,11:13:39,41.07,4,0
18.03.2020,11:13:40,41.07,4,0
18.03.2020,11:13:42,41.07,4,0
18.03.2020,11:13:44,41.07,4,0
18.03.2020,11:13:46,41.07,4,0
18.03.2020,11:13:47,41.07,4,0
18.03.2020,11:13:49,41.07,4,0
18.03.2020,11:13:51,41.07,4,0
18.03.2020,11:13:52,41.07,4,0
18.03.2020,11:13:54,41.07,4,0
18.03.2020,11:13:56,41.07,4,0
18.03.2020,11:13:58,41.07,4,0
18.03.2020,11:13:59,41.07,4,0
18.03.2020,11:14:01,41.07,4,0
18.03.2020,11:14:03,41.07,4,0
18.03.2020,11:14:04,41.07,3.9,0
18.03.2020,11:14:06,41.07,4,0
18.03.2020,11:14:08,41.07,4,0
18.03.2020,11:14:09,41.07,4,0
18.03.2020,11:14:11,41.07,4,0
18.03.2020,11:14:13,41.07,4,0
18.03.2020,11:14:15,41.07,4,0
18.03.2020,11:14:16,41.07,4,0
18.03.2020,11:14:18,41.07,4,0
18.03.2020,11:14:20,41.07,4,0
18.03.2020,11:14:21,41.07,4,0
18.03.2020,11:14:23,41.07,4,0
18.03.2020,11:14:25,41.07,4,0
18.03.2020,11:14:26,41.07,4,0
18.03.2020,11:14:28,41.07,4,0
18.03.2020,11:14:30,41.07,4,0
18.03.2020,11:14:32,41.07,4,0
18.03.2020,11:14:33,41.07,4,0
18.03.2020,11:14:35,41.07,4,0
18.03.2020,11:14:37,41.07,4,0
18.03.2020,11:14:38,41.07,4,0
18.03.2020,11:14:40,41.07,4,0
18.03.2020,11:14:42,41.07,4,0
18.03.2020,11:14:44,41.07,4,0
18.03.2020,11:14:45,41.07,4,0
18.03.2020,11:14:47,41.07,4,0
18.03.2020,11:14:49,41.07,4,0
18.03.2020,11:14:50,41.07,4,0
18.03.2020,11:14:52,41.07,4,0
18.03.2020,11:14:54,41.07,4,0
18.03.2020,11:14:55,41.07,4,0
18.03.2020,11:14:57,41.07,4,0
18.03.2020,11:14:59,41.07,4,0
18.03.2020,11:15:01,41.07,4,0
18.03.2020,11:15:02,41.07,4,0
18.03.2020,11:15:04,41.07,4,0
18.03.2020,11:15:06,41.07,4,0
18.03.2020,11:15:07,41.07,4,0
18.03.2020,11:15:09,41.07,4,0
18.03.2020,11:15:11,41.07,4,0
18.03.2020,11:15:13,41.07,4,0
18.03.2020,11:15:14,41.07,4,0
18.03.2020,11:15:16,41.07,4,0
18.03.2020,11:15:18,41.07,4,0
18.03.2020,11:15:19,41.07,4,0
18.03.2020,11:15:21,41.07,4,0
18.03.2020,11:15:23,41.07,4,0
18.03.2020,11:15:24,41.07,4,0
18.03.2020,11:15:26,41.07,3.9,0
18.03.2020,11:15:28,41.07,4,0
18.03.2020,11:15:30,41.07,4,0
18.03.2020,11:15:31,41.07,4,0
18.03.2020,11:15:33,41.07,4,0
18.03.2020,11:15:35,41.07,4,0
18.03.2020,11:15:36,41.07,4,0
18.03.2020,11:15:38,41.07,4,0
18.03.2020,11:15:40,41.07,4,0
18.03.2020,11:15:41,41.07,4,0
18.03.2020,11:15:43,41.07,4,0
18.03.2020,11:15:45,41.07,4,0
18.03.2020,11:15:47,41.07,4,0
18.03.2020,11:15:48,41.07,4,0
18.03.2020,11:15:50,41.07,4,0
18.03.2020,11:15:52,41.07,4,0
18.03.2020,11:15:53,41.07,4,0
18.03.2020,11:15:55,41.07,4,0
18.03.2020,11:15:57,41.07,4,0
18.03.2020,11:15:59,41.07,3.9,0
18.03.2020,11:16:00,41.07,4,0
18.03.2020,11:16:02,41.07,4,0
18.03.2020,11:16:04,41.07,4,0
18.03.2020,11:16:05,41.07,4,0
18.03.2020,11:16:07,41.07,4,0
18.03.2020,11:16:09,41.07,4,0
18.03.2020,11:16:10,41.07,4,0
18.03.2020,11:16:12,41.07,4,0
18.03.2020,11:16:14,41.07,3.9,0
18.03.2020,11:16:16,41.07,4,0
18.03.2020,11:16:17,41.07,4,0
18.03.2020,11:16:19,41.07,4,0
18.03.2020,11:16:21,41.07,3.9,0
18.03.2020,11:16:22,41.07,4,0
18.03.2020,11:16:24,41.07,4,0
18.03.2020,11:16:26,41.07,4,0
18.03.2020,11:16:28,41.07,4,0
18.03.2020,11:16:29,41.07,4,0
18.03.2020,11:16:31,41.07,4,0
18.03.2020,11:16:33,41.07,4,0
18.03.2020,11:16:34,41.07,4,0
18.03.2020,11:16:36,41.07,4,0
18.03.2020,11:16:38,41.07,4,0
18.03.2020,11:16:39,41.07,3.9,0
18.03.2020,11:16:41,41.18,4,0
18.03.2020,11:16:43,41.18,4,0
18.03.2020,11:16:45,41.18,4,0
18.03.2020,11:16:46,41.18,4,0
18.03.2020,11:16:48,41.18,4,0
18.03.2020,11:16:50,41.18,4,0
18.03.2020,11:16:51,41.18,4,0
18.03.2020,11:16:53,41.18,3.9,0
18.03.2020,11:16:55,41.18,4,0
18.03.2020,11:16:56,41.18,4,0
18.03.2020,11:16:58,41.18,4,0
18.03.2020,11:17:00,41.18,4,0
18.03.2020,11:17:02,41.18,4,0
18.03.2020,11:17:03,41.18,3.9,0
18.03.2020,11:17:05,41.18,4,0
18.03.2020,11:17:07,41.18,4,0
18.03.2020,11:17:08,41.18,4,0
18.03.2020,11:17:10,41.18,4,0
18.03.2020,11:17:12,41.18,4,0
18.03.2020,11:17:14,41.18,4,0
18.03.2020,11:17:15,41.18,4,0
18.03.2020,11:17:17,41.18,4,0
18.03.2020,11:17:19,41.18,4,0
18.03.2020,11:17:20,41.18,4,0
18.03.2020,11:17:22,41.18,4,0
18.03.2020,11:17:24,41.18,3.9,0
18.03.2020,11:17:25,41.18,4,0
18.03.2020,11:17:27,41.18,4,0
18.03.2020,11:17:29,41.18,4,0
18.03.2020,11:17:31,41.18,4,0
18.03.2020,11:17:32,41.18,4,0
18.03.2020,11:17:34,41.18,4,0
18.03.2020,11:17:36,41.18,4,0
18.03.2020,11:17:37,41.18,4,0
18.03.2020,11:17:39,41.18,4,0
18.03.2020,11:17:41,41.18,4,0
18.03.2020,11:17:43,41.18,4,0
18.03.2020,11:17:44,41.18,4,0
18.03.2020,11:17:46,41.18,4,0
18.03.2020,11:17:48,41.18,4,0
18.03.2020,11:17:49,41.18,4,0
18.03.2020,11:17:51,41.18,4,0
18.03.2020,11:17:53,41.18,3.9,0
18.03.2020,11:17:54,41.18,4,0
18.03.2020,11:17:56,41.18,4,0
18.03.2020,11:17:58,41.18,4,0
18.03.2020,11:18:00,41.18,4,0
18.03.2020,11:18:01,41.18,4,0
18.03.2020,11:18:03,41.18,4,0
18.03.2020,11:18:05,41.18,4,0
18.03.2020,11:18:06,41.18,4,0
18.03.2020,11:18:08,41.18,4,0
18.03.2020,11:18:10,41.18,4,0
18.03.2020,11:18:11,41.18,4,0
18.03.2020,11:18:13,41.18,4,0
18.03.2020,11:18:15,41.18,4,0
18.03.2020,11:18:17,41.18,4,0
18.03.2020,11:18:18,41.18,4,0
18.03.2020,11:18:20,41.18,4,0
18.03.2020,11:18:22,41.18,4,0
18.03.2020,11:18:23,41.18,4,0
18.03.2020,11:18:25,41.18,4,0
18.03.2020,11:18:27,41.18,4,0
18.03.2020,11:18:29,41.18,4,0
18.03.2020,11:18:30,41.18,4,0
18.03.2020,11:18:32,41.18,4,0
18.03.2020,11:18:34,41.18,4,0
18.03.2020,11:18:35,41.18,4,0
18.03.2020,11:18:37,41.18,4,0
18.03.2020,11:18:39,41.18,4,0
18.03.2020,11:18:40,41.18,4,0
18.03.2020,11:18:42,41.18,4,0
18.03.2020,11:18:44,41.18,3.9,0
18.03.2020,11:18:46,41.18,4,0
18.03.2020,11:18:47,41.18,4,0
18.03.2020,11:18:49,41.18,4,0
18.03.2020,11:18:51,41.18,4,0
18.03.2020,11:18:52,41.18,4,0
18.03.2020,11:18:54,41.18,4,0
18.03.2020,11:18:56,41.18,4,0
18.03.2020,11:18:58,41.18,4,0
18.03.2020,11:18:59,41.18,4,0
18.03.2020,11:19:01,41.18,4,0
18.03.2020,11:19:03,41.18,4,0
18.03.2020,11:19:04,41.18,4,0
18.03.2020,11:19:06,41.18,4,0
18.03.2020,11:19:08,41.18,4,0
18.03.2020,11:19:09,41.18,3.9,0
18.03.2020,11:19:11,41.18,4,0
18.03.2020,11:19:13,41.18,4,0
18.03.2020,11:19:15,41.18,4,0
18.03.2020,11:19:16,41.18,4,0
18.03.2020,11:19:18,41.18,4,0
18.03.2020,11:19:20,41.18,4,0
18.03.2020,11:19:21,41.18,4,0
18.03.2020,11:19:23,41.18,4,0
18.03.2020,11:19:25,41.18,4,0
18.03.2020,11:19:26,41.18,4,0
18.03.2020,11:19:28,41.18,4,0
18.03.2020,11:19:30,41.18,4,0
18.03.2020,11:19:32,41.18,4,0
18.03.2020,11:19:33,41.18,4,0
18.03.2020,11:19:35,41.18,4,0
18.03.2020,11:19:37,41.18,4,0
18.03.2020,11:19:38,41.18,4,0
18.03.2020,11:19:40,41.18,3.9,0
18.03.2020,11:19:42,41.18,4,0
18.03.2020,11:19:44,41.18,4,0
18.03.2020,11:19:45,41.18,4,0
18.03.2020,11:19:47,41.18,4,0
18.03.2020,11:19:49,41.18,4,0
18.03.2020,11:19:50,41.18,4,0
18.03.2020,11:19:52,41.18,4,0
18.03.2020,11:19:54,41.18,4,0
18.03.2020,11:19:55,41.18,4,0
18.03.2020,11:19:57,41.18,4,0
18.03.2020,11:19:59,41.18,4,0
18.03.2020,11:20:01,41.18,4,0
18.03.2020,11:20:02,41.18,4,0
18.03.2020,11:20:04,41.18,4,0
18.03.2020,11:20:06,41.18,4,0
18.03.2020,11:20:07,41.18,4,0
18.03.2020,11:20:09,41.18,4,0
18.03.2020,11:20:11,41.18,4,0
18.03.2020,11:20:13,41.18,4,0
18.03.2020,11:20:14,41.18,4,0
18.03.2020,11:20:16,41.18,4,0
18.03.2020,11:20:18,41.18,4,0
18.03.2020,11:20:19,41.18,4,0
18.03.2020,11:20:21,41.18,4,0
18.03.2020,11:20:23,41.18,4,0
18.03.2020,11:20:24,41.18,4,0
18.03.2020,11:20:26,41.18,4,0
18.03.2020,11:20:28,41.18,4,0
18.03.2020,11:20:30,41.18,4,0
18.03.2020,11:20:31,41.18,4,0
18.03.2020,11:20:33,41.18,4,0
18.03.2020,11:20:35,41.18,4,0
18.03.2020,11:20:36,41.18,4,0
18.03.2020,11:20:38,41.18,4,0
18.03.2020,11:20:40,41.18,4,0
18.03.2020,11:20:41,41.18,4,0
18.03.2020,11:20:43,41.18,4,0
18.03.2020,11:20:45,41.18,4,0
18.03.2020,11:20:47,41.18,4,0
18.03.2020,11:20:48,41.18,3.9,0
18.03.2020,11:20:50,41.18,3.9,0
18.03.2020,11:20:52,41.18,3.9,0
18.03.2020,11:20:53,41.18,4,0
18.03.2020,11:20:55,41.18,4,0
18.03.2020,11:20:57,41.18,4,0
18.03.2020,11:20:59,41.18,4,0
18.03.2020,11:21:00,41.18,4,0
18.03.2020,11:21:02,41.18,4,0
18.03.2020,11:21:04,41.18,4,0
18.03.2020,11:21:05,41.18,4,0
18.03.2020,11:21:07,41.18,4,0
18.03.2020,11:21:09,41.18,4,0
18.03.2020,11:21:10,41.18,4,0
18.03.2020,11:21:12,41.18,4,0
18.03.2020,11:21:14,41.18,4,0
18.03.2020,11:21:16,41.18,4,0
18.03.2020,11:21:17,41.18,4,0
18.03.2020,11:21:19,41.18,4,0
18.03.2020,11:21:21,41.18,4,0
18.03.2020,11:21:22,41.18,4,0
18.03.2020,11:21:24,41.18,4,0
18.03.2020,11:21:26,41.18,4,0
18.03.2020,11:21:28,41.18,4,0
18.03.2020,11:21:29,41.18,4,0
18.03.2020,11:21:31,41.18,4,0
18.03.2020,11:21:33,41.18,4,0
18.03.2020,11:21:34,41.18,4,0
18.03.2020,11:21:36,41.18,4,0
18.03.2020,11:21:38,41.18,4,0
18.03.2020,11:21:39,41.18,4,0
18.03.2020,11:21:41,41.18,4,0
18.03.2020,11:21:43,41.18,4,0
18.03.2020,11:21:45,41.18,4,0
18.03.2020,11:21:46,41.18,4,0
18.03.2020,11:21:48,41.18,4,0
18.03.2020,11:21:50,41.18,4,0
18.03.2020,11:21:51,41.18,4,0
18.03.2020,11:21:53,41.18,3.9,0
18.03.2020,11:21:55,41.18,4,0
18.03.2020,11:21:56,41.18,4,0
18.03.2020,11:21:58,41.18,4,0
18.03.2020,11:22:00,41.18,4,0
18.03.2020,11:22:02,41.18,4,0
18.03.2020,11:22:03,41.18,4,0
18.03.2020,11:22:05,41.18,4,0
18.03.2020,11:22:07,41.18,4,0
18.03.2020,11:22:08,41.18,4,0
18.03.2020,11:22:10,41.18,4,0
18.03.2020,11:22:12,41.18,4,0
18.03.2020,11:22:14,41.18,4,0
18.03.2020,11:22:15,41.18,4,0
18.03.2020,11:22:17,41.18,4,0
18.03.2020,11:22:19,41.18,4,0
18.03.2020,11:22:20,41.18,4,0
18.03.2020,11:22:22,41.18,4,0
18.03.2020,11:22:24,41.18,4,0
18.03.2020,11:22:25,41.18,4,0
18.03.2020,11:22:27,41.18,4,0
18.03.2020,11:22:29,41.18,4,0
18.03.2020,11:22:31,41.18,4,0
18.03.2020,11:22:32,41.18,4,0
18.03.2020,11:22:34,41.18,4,0
18.03.2020,11:22:36,41.18,4,0
18.03.2020,11:22:37,41.18,4,0
18.03.2020,11:22:39,41.18,4,0
18.03.2020,11:22:41,41.18,4,0
18.03.2020,11:22:43,41.18,4,0
18.03.2020,11:22:44,41.18,4,0
18.03.2020,11:22:46,41.18,4,0
18.03.2020,11:22:48,41.18,4,0
18.03.2020,11:22:49,41.18,4,0
18.03.2020,11:22:51,41.18,4,0
18.03.2020,11:22:53,41.18,4,0
18.03.2020,11:22:54,41.18,4,0
18.03.2020,11:22:56,41.18,4,0
18.03.2020,11:22:58,41.18,4,0
18.03.2020,11:23:00,41.18,4,0
18.03.2020,11:23:01,41.18,4,0
18.03.2020,11:23:03,41.18,4,0
18.03.2020,11:23:05,41.18,4,0
18.03.2020,11:23:06,41.18,4,0
18.03.2020,11:23:08,41.18,4,0
18.03.2020,11:23:10,41.18,4,0
18.03.2020,11:23:11,41.18,4,0
18.03.2020,11:23:13,41.18,4,0
18.03.2020,11:23:15,41.18,4,0
18.03.2020,11:23:17,41.18,4,0
18.03.2020,11:23:18,41.18,4,0
18.03.2020,11:23:20,41.18,4,0
18.03.2020,11:23:22,41.18,4,0
18.03.2020,11:23:23,41.18,4,0
18.03.2020,11:23:25,41.18,4,0
18.03.2020,11:23:27,41.18,4,0
18.03.2020,11:23:29,41.18,4,0
18.03.2020,11:23:30,41.18,4,0
18.03.2020,11:23:32,41.18,4,0
18.03.2020,11:23:34,41.18,4,0
18.03.2020,11:23:35,41.18,4,0
18.03.2020,11:23:37,41.18,4,0
18.03.2020,11:23:39,41.18,4,0
18.03.2020,11:23:40,41.18,4,0
18.03.2020,11:23:42,41.18,4,0
18.03.2020,11:23:44,41.18,4,0
18.03.2020,11:23:46,41.18,4,0
18.03.2020,11:23:47,41.18,4,0
18.03.2020,11:23:49,41.18,4,0
18.03.2020,11:23:51,41.18,3.9,0
18.03.2020,11:23:52,41.18,4,0
18.03.2020,11:23:54,41.18,4,0
18.03.2020,11:23:56,41.18,4,0
18.03.2020,11:23:58,41.18,4,0
18.03.2020,11:23:59,41.18,3.9,0
18.03.2020,11:24:01,41.18,4,0
18.03.2020,11:24:03,41.18,4,0
18.03.2020,11:24:04,41.18,4,0
18.03.2020,11:24:06,41.18,4,0
18.03.2020,11:24:08,41.18,4,0
18.03.2020,11:24:09,41.18,4,0
18.03.2020,11:24:11,41.18,4,0
18.03.2020,11:24:13,41.18,4,0
18.03.2020,11:24:15,41.18,4,0
18.03.2020,11:24:16,41.18,4,0
18.03.2020,11:24:18,41.18,4,0
18.03.2020,11:24:20,41.18,4,0
18.03.2020,11:24:21,41.18,4,0
18.03.2020,11:24:23,41.18,4,0
18.03.2020,11:24:25,41.18,3.9,0
18.03.2020,11:24:26,41.18,3.9,0
18.03.2020,11:24:28,41.18,4,0
18.03.2020,11:24:30,41.18,4,0
18.03.2020,11:24:32,41.18,4,0
18.03.2020,11:24:33,41.18,4,0
18.03.2020,11:24:35,41.18,3.9,0
18.03.2020,11:24:37,41.18,4,0
18.03.2020,11:24:38,41.18,4,0
18.03.2020,11:24:40,41.18,4,0
18.03.2020,11:24:42,41.18,4,0
18.03.2020,11:24:44,41.18,4,0
18.03.2020,11:24:45,41.18,4,0
18.03.2020,11:24:47,41.18,4,0
18.03.2020,11:24:49,41.18,4,0
18.03.2020,11:24:50,41.18,4,0
18.03.2020,11:24:52,41.18,4,0
18.03.2020,11:24:54,41.18,4,0
18.03.2020,11:24:56,41.18,4,1
18.03.2020,11:24:57,41.18,4,1
18.03.2020,11:24:59,41.18,4,1
18.03.2020,11:25:01,41.18,3.9,1
18.03.2020,11:25:03,41.18,4,0
18.03.2020,11:25:04,41.18,4,0
18.03.2020,11:25:06,41.18,4,0
18.03.2020,11:25:08,41.18,4,0
18.03.2020,11:25:09,41.18,4,0
18.03.2020,11:25:11,41.18,4,0
18.03.2020,11:25:13,41.18,4,0
18.03.2020,11:25:14,41.18,4,0
18.03.2020,11:25:16,41.18,4,0
18.03.2020,11:25:18,41.18,4,0
18.03.2020,11:25:20,41.18,4,0
18.03.2020,11:25:21,41.18,4,0
18.03.2020,11:25:23,41.18,4,0
18.03.2020,11:25:25,41.18,4,0
18.03.2020,11:25:26,41.18,4,0
18.03.2020,11:25:28,41.18,4,0
18.03.2020,11:25:30,41.18,4,0
18.03.2020,11:25:32,41.18,4,0
18.03.2020,11:25:33,41.18,4,0
18.03.2020,11:25:35,41.18,4,0
18.03.2020,11:25:37,41.18,4,0
18.03.2020,11:25:38,41.18,4,0
18.03.2020,11:25:40,41.18,4,0
18.03.2020,11:25:42,41.18,4,0
18.03.2020,11:25:43,41.18,4.3,0
18.03.2020,11:25:45,41.18,7.8,0
18.03.2020,11:25:47,41.18,7.9,0
18.03.2020,11:25:49,41.18,7.9,0
18.03.2020,11:25:50,41.18,7.9,0
18.03.2020,11:25:52,41.18,7.9,0
18.03.2020,11:25:54,41.18,7.9,0
18.03.2020,11:25:55,41.18,8.5,0
18.03.2020,11:25:57,41.18,8.9,0
18.03.2020,11:25:59,41.18,8.9,0
18.03.2020,11:26:01,41.18,8.9,0
18.03.2020,11:26:02,41.18,8.9,0
18.03.2020,11:26:04,41.18,8.9,0
18.03.2020,11:26:06,41.18,8.9,0
18.03.2020,11:26:07,41.18,8.9,0
18.03.2020,11:26:08,0,8.9,0
18.03.2020,11:26:09,0,8.9,0
18.03.2020,11:26:11,0,8.9,0
18.03.2020,11:26:13,0,8.9,0
18.03.2020,11:26:15,0,8.9,0
18.03.2020,11:26:16,0,8.9,0
18.03.2020,11:26:18,0,8.9,0
18.03.2020,11:26:20,0,9,0
18.03.2020,11:26:22,0,8.9,0
18.03.2020,11:26:23,0,8.9,0
18.03.2020,11:26:25,0,8.9,0
18.03.2020,11:26:27,0,8.9,0
18.03.2020,11:26:28,0,8.9,0
18.03.2020,11:26:30,0,8.9,0
18.03.2020,11:26:32,0,8.9,0
18.03.2020,11:26:34,0,8.9,0
18.03.2020,11:26:36,0,8.9,0
18.03.2020,11:26:37,0,8.9,0
18.03.2020,11:26:39,0,8.9,0
18.03.2020,11:26:41,0,8.9,0
18.03.2020,11:26:43,0,8.9,0
18.03.2020,11:26:44,0,8.9,0
18.03.2020,11:26:46,0,8.9,0
18.03.2020,11:26:48,0,8.9,0
18.03.2020,11:26:49,0,8.9,0
18.03.2020,11:26:51,0,8.9,0
18.03.2020,11:26:53,0,8.9,0
18.03.2020,11:26:55,0,8.9,0
18.03.2020,11:26:56,0,8.9,0
18.03.2020,11:26:58,0,8.9,0
18.03.2020,11:27:00,0,8.9,0
18.03.2020,11:27:01,0,8.9,0
18.03.2020,11:27:03,0,8.9,0
18.03.2020,11:27:05,0,8.9,0
18.03.2020,11:27:06,0,8.9,0
18.03.2020,11:27:08,0,8.9,0
18.03.2020,11:27:10,0,8.9,0
18.03.2020,11:27:12,0,8.9,0
18.03.2020,11:27:13,0,8.9,0
18.03.2020,11:27:15,0,8.9,0
18.03.2020,11:27:17,0,8.9,0
18.03.2020,11:27:18,0,8.9,0
18.03.2020,11:27:20,0,8.9,0
18.03.2020,11:27:22,0,8.9,0
18.03.2020,11:27:23,0,8.9,0
18.03.2020,11:27:25,0,8.9,0
18.03.2020,11:27:27,0,8.9,0
18.03.2020,11:27:29,0,8.9,0
18.03.2020,11:27:30,0,8.9,0
18.03.2020,11:27:32,0,8.9,0
18.03.2020,11:27:34,0,8.9,0
18.03.2020,11:27:35,0,8.9,0
18.03.2020,11:27:37,0,8.9,0
18.03.2020,11:27:39,0,8.9,0
18.03.2020,11:27:41,0,8.9,0
18.03.2020,11:27:42,0,8.9,0
18.03.2020,11:27:44,0,8.9,0
18.03.2020,11:27:46,0,8.9,0
18.03.2020,11:27:47,0,8.9,0
18.03.2020,11:27:49,0,8.9,0
18.03.2020,11:27:51,0,8.9,0
18.03.2020,11:27:53,0,8.9,0
18.03.2020,11:27:54,0,8.9,0
18.03.2020,11:27:56,0,8.9,0
18.03.2020,11:27:58,0,8.9,0
18.03.2020,11:28:00,0,8.9,0
18.03.2020,11:28:02,0,8.9,0
18.03.2020,11:28:03,0,8.9,0
18.03.2020,11:28:05,0,8.9,0
18.03.2020,11:28:07,0,8.9,0
18.03.2020,11:28:08,0,9,0
18.03.2020,11:28:10,0,8.9,0
18.03.2020,11:28:12,0,8.9,0
18.03.2020,11:28:14,0,8.9,0
18.03.2020,11:28:15,0,8.9,0
18.03.2020,11:28:17,0,8.9,0
18.03.2020,11:28:19,0,8.9,0
18.03.2020,11:28:21,0,8.9,0
18.03.2020,11:28:22,0,8.9,0
18.03.2020,11:28:24,0,8.9,0
18.03.2020,11:28:25,0,8.9,0
18.03.2020,11:28:26,0,8.9,0
18.03.2020,11:28:27,0,8.9,0
18.03.2020,11:28:29,0,8.9,0
18.03.2020,11:28:31,0,8.9,0
18.03.2020,11:28:33,0,8.9,0
18.03.2020,11:28:34,0,8.9,0
18.03.2020,11:28:36,0,8.9,0
18.03.2020,11:28:38,0,8.9,0
18.03.2020,11:28:39,0,8.9,0
18.03.2020,11:28:41,0,8.9,0
18.03.2020,11:28:43,0,8.9,0
18.03.2020,11:28:45,0,8.9,0
18.03.2020,11:28:46,41.07,8.9,0
18.03.2020,11:28:48,41.07,8.9,0
18.03.2020,11:28:50,41.07,8.9,0
18.03.2020,11:28:51,41.07,8.9,0
18.03.2020,11:28:53,41.07,8.9,0
18.03.2020,11:28:55,41.07,8.9,0
18.03.2020,11:28:56,41.07,8.9,0
18.03.2020,11:28:58,41.07,8.9,0
18.03.2020,11:29:00,41.07,8.9,0
18.03.2020,11:29:02,41.07,8.9,0
18.03.2020,11:29:03,41.07,8.9,0
18.03.2020,11:29:05,41.07,8.9,0
18.03.2020,11:29:07,41.07,8.9,0
18.03.2020,11:29:08,41.07,8.9,0
18.03.2020,11:29:10,41.07,8.9,0
18.03.2020,11:29:12,41.07,8.9,0
18.03.2020,11:29:13,41.07,8.9,0
18.03.2020,11:29:15,41.07,8.9,0
18.03.2020,11:29:17,41.07,8.9,0
18.03.2020,11:29:19,41.07,8.9,0
18.03.2020,11:29:20,41.07,8.9,0
18.03.2020,11:29:22,41.07,8.9,0
18.03.2020,11:29:24,41.07,8.9,0
18.03.2020,11:29:25,41.07,8.9,0
18.03.2020,11:29:27,41.07,8.9,0
18.03.2020,11:29:29,41.07,8.9,0
18.03.2020,11:29:31,41.07,8.9,0
18.03.2020,11:29:32,41.07,8.9,0
18.03.2020,11:29:34,41.07,8.9,0
18.03.2020,11:29:36,41.07,8.9,0
18.03.2020,11:29:37,40.77,8.9,0
18.03.2020,11:29:39,41.05,8.9,0
18.03.2020,11:29:41,41.05,8.9,0
18.03.2020,11:29:42,41.05,3.7,0
18.03.2020,11:29:44,40.75,2.9,0
18.03.2020,11:29:46,40.75,2.9,0
18.03.2020,11:29:48,40.75,2.9,0
18.03.2020,11:29:49,40.75,2.9,0
18.03.2020,11:29:51,40.75,2.9,0
18.03.2020,11:29:53,40.75,2.9,0
18.03.2020,11:29:54,40.75,2.9,0
18.03.2020,11:29:56,40.75,2.9,0
18.03.2020,11:29:58,40.75,2.9,0
18.03.2020,11:30:00,40.75,2.9,0
18.03.2020,11:30:01,40.75,2.9,0
18.03.2020,11:30:03,40.75,2.9,0
18.03.2020,11:30:05,40.75,4,0
18.03.2020,11:30:06,40.75,4,0
18.03.2020,11:30:08,40.75,4,0
18.03.2020,11:30:10,41.01,4,0
18.03.2020,11:30:11,40.74,4,0
18.03.2020,11:30:13,40.74,4,0
18.03.2020,11:30:15,40.74,4,0
18.03.2020,11:30:17,40.74,4,0
18.03.2020,11:30:18,40.74,4,0
18.03.2020,11:30:20,40.74,4,0
18.03.2020,11:30:22,40.74,3.9,0
18.03.2020,11:30:23,40.74,4,0
18.03.2020,11:30:25,40.74,4,0
18.03.2020,11:30:27,40.74,4,0
18.03.2020,11:30:28,40.74,4,0
18.03.2020,11:30:30,40.74,4,0
18.03.2020,11:30:32,40.74,4,0
18.03.2020,11:30:34,40.74,4,0
18.03.2020,11:30:35,40.74,4,0
18.03.2020,11:30:37,40.74,4,0
18.03.2020,11:30:39,40.74,4,0
18.03.2020,11:30:40,40.74,4,0
18.03.2020,11:30:42,40.74,4,0
18.03.2020,11:30:44,40.74,4,0
18.03.2020,11:30:46,40.74,4,0
18.03.2020,11:30:47,40.74,4,0
18.03.2020,11:30:49,40.74,4,0
18.03.2020,11:30:51,40.74,4,0
18.03.2020,11:30:52,40.74,4,0
18.03.2020,11:30:54,40.74,4,0
18.03.2020,11:30:56,40.74,4,0
18.03.2020,11:30:57,40.74,4,0
18.03.2020,11:30:59,40.74,4,0
18.03.2020,11:31:01,40.74,4,0
18.03.2020,11:31:03,40.74,4,0
18.03.2020,11:31:04,40.74,4,0
18.03.2020,11:31:06,40.74,4,0
18.03.2020,11:31:08,40.74,4,0
18.03.2020,11:31:09,40.74,4,0
18.03.2020,11:31:11,40.74,4,0
18.03.2020,11:31:13,40.74,4,0
18.03.2020,11:31:14,40.74,4,0
18.03.2020,11:31:16,40.74,4,0
18.03.2020,11:31:18,40.74,4,0
18.03.2020,11:31:20,40.74,4,0
18.03.2020,11:31:21,40.74,4,0
18.03.2020,11:31:23,40.74,4,0
18.03.2020,11:31:25,40.74,4,0
18.03.2020,11:31:26,40.74,4,0
18.03.2020,11:31:28,40.74,4,0
18.03.2020,11:31:30,40.74,4,0
18.03.2020,11:31:32,40.74,4,0
18.03.2020,11:31:33,40.74,4,0
18.03.2020,11:31:35,40.74,4,0
18.03.2020,11:31:37,40.74,4,0
18.03.2020,11:31:38,40.74,4,0
18.03.2020,11:31:40,40.74,4,0
18.03.2020,11:31:42,40.74,4,0
18.03.2020,11:31:43,40.74,4,0
18.03.2020,11:31:45,40.74,4,0
18.03.2020,11:31:47,40.74,3.9,0
18.03.2020,11:31:49,40.74,4,0
18.03.2020,11:31:50,40.74,4,0
18.03.2020,11:31:52,40.74,4,0
18.03.2020,11:31:54,40.74,4,0
18.03.2020,11:31:55,40.74,4,0
18.03.2020,11:31:57,40.74,4,0
18.03.2020,11:31:59,40.74,4,0
18.03.2020,11:32:01,40.74,4,0
18.03.2020,11:32:02,40.74,4,0
18.03.2020,11:32:04,40.74,4,0
18.03.2020,11:32:06,40.74,4,0
18.03.2020,11:32:07,40.74,4,0
18.03.2020,11:32:09,40.74,4,0
18.03.2020,11:32:11,40.74,4,0
18.03.2020,11:32:12,40.74,3.9,0
18.03.2020,11:32:14,40.74,4,0
18.03.2020,11:32:16,40.74,4,0
18.03.2020,11:32:18,40.74,4,0
18.03.2020,11:32:19,40.74,4,0
18.03.2020,11:32:21,40.74,4,0
18.03.2020,11:32:23,40.74,4,0
18.03.2020,11:32:24,40.74,4,0
18.03.2020,11:32:26,40.74,4,0
18.03.2020,11:32:28,40.74,4,0
18.03.2020,11:32:29,40.74,4,0
18.03.2020,11:32:31,40.74,4,0
18.03.2020,11:32:33,40.74,4,0
18.03.2020,11:32:35,40.74,4,0
18.03.2020,11:32:36,40.74,4,0
18.03.2020,11:32:38,40.74,4,0
18.03.2020,11:32:40,40.74,3.9,0
18.03.2020,11:32:41,40.74,4,0
18.03.2020,11:32:43,40.74,4,0
18.03.2020,11:32:45,40.74,4,0
18.03.2020,11:32:47,40.74,4,0
18.03.2020,11:32:48,40.74,4,0
18.03.2020,11:32:50,40.74,4,0
18.03.2020,11:32:52,40.74,4,0
18.03.2020,11:32:53,40.74,4,0
18.03.2020,11:32:55,40.74,4,0
18.03.2020,11:32:57,40.74,4,0
18.03.2020,11:32:58,40.74,4,0
18.03.2020,11:33:00,40.74,4,0
18.03.2020,11:33:02,40.74,4,0
18.03.2020,11:33:04,40.74,4,0
18.03.2020,11:33:05,40.64,4,0
18.03.2020,11:33:07,40.64,4,0
18.03.2020,11:33:09,40.64,4,0
18.03.2020,11:33:10,40.64,4,0
18.03.2020,11:33:12,40.64,4,0
18.03.2020,11:33:14,40.64,4,0
18.03.2020,11:33:16,40.64,4,0
18.03.2020,11:33:17,40.64,4,0
18.03.2020,11:33:19,40.64,4,0
18.03.2020,11:33:21,40.64,4,0
18.03.2020,11:33:22,40.64,4,0
18.03.2020,11:33:24,40.64,3.9,0
18.03.2020,11:33:26,40.64,4,0
18.03.2020,11:33:27,40.64,4,0
18.03.2020,11:33:29,40.64,4,0
18.03.2020,11:33:31,40.64,4,0
18.03.2020,11:33:33,40.64,4,0
18.03.2020,11:33:34,40.64,4,0
18.03.2020,11:33:36,40.64,4,0
18.03.2020,11:33:38,40.64,4,0
18.03.2020,11:33:39,40.64,4,0
18.03.2020,11:33:41,40.64,4,0
18.03.2020,11:33:43,40.64,4,0
18.03.2020,11:33:44,40.64,4,0
18.03.2020,11:33:46,40.64,4,0
18.03.2020,11:33:48,40.64,4,0
18.03.2020,11:33:50,40.64,4,0
18.03.2020,11:33:51,40.64,4,0
18.03.2020,11:33:53,40.64,4,0
18.03.2020,11:33:55,40.64,4,0
18.03.2020,11:33:56,40.64,4,0
18.03.2020,11:33:58,40.64,4,0
18.03.2020,11:34:00,40.64,4,0
18.03.2020,11:34:02,40.64,4,0
18.03.2020,11:34:03,40.64,4,0
18.03.2020,11:34:05,40.64,4,0
18.03.2020,11:34:07,40.64,4,0
18.03.2020,11:34:08,40.64,4,0
18.03.2020,11:34:10,40.64,4,0
18.03.2020,11:34:12,40.64,4,0
18.03.2020,11:34:13,40.64,4,0
18.03.2020,11:34:15,40.64,4,0
18.03.2020,11:34:17,40.64,4,0
18.03.2020,11:34:19,40.64,4,0
18.03.2020,11:34:20,40.64,4,0
18.03.2020,11:34:22,40.64,4,0
18.03.2020,11:34:24,40.64,4,0
18.03.2020,11:34:25,40.64,4,0
18.03.2020,11:34:27,40.64,4,0
18.03.2020,11:34:29,40.64,4,0
18.03.2020,11:34:30,40.64,4,0
18.03.2020,11:34:32,40.64,4,0
18.03.2020,11:34:34,40.64,4,0
18.03.2020,11:34:36,40.64,4,0
18.03.2020,11:34:37,40.64,3.9,0
18.03.2020,11:34:39,40.64,4,0
18.03.2020,11:34:41,40.64,4,0
18.03.2020,11:34:42,40.64,4,0
18.03.2020,11:34:44,40.64,4,0
18.03.2020,11:34:46,40.64,4,0
18.03.2020,11:34:48,40.64,4,0
18.03.2020,11:34:49,40.64,4,0
18.03.2020,11:34:51,40.64,4,0
18.03.2020,11:34:53,40.64,4,0
18.03.2020,11:34:54,40.64,4,0
18.03.2020,11:34:55,0,4,0
18.03.2020,11:34:57,0,4,0
18.03.2020,11:34:58,0,4,0
18.03.2020,11:35:00,40.54,4,0
18.03.2020,11:35:02,40.54,4,0
18.03.2020,11:35:04,40.54,4,0
18.03.2020,11:35:06,40.54,4,0
18.03.2020,11:35:07,40.54,4,0
18.03.2020,11:35:09,40.54,4,0
18.03.2020,11:35:11,40.54,4,0
18.03.2020,11:35:13,40.54,4,0
18.03.2020,11:35:14,40.54,4,0
18.03.2020,11:35:16,40.54,4,0
18.03.2020,11:35:18,40.54,4,0
18.03.2020,11:35:19,40.54,4,0
18.03.2020,11:35:21,40.54,4,0
18.03.2020,11:35:23,40.54,4,0
18.03.2020,11:35:25,40.54,4,0
18.03.2020,11:35:27,40.54,4,0
18.03.2020,11:35:28,40.54,4,0
18.03.2020,11:35:30,40.54,4,0
18.03.2020,11:35:32,40.54,4,0
18.03.2020,11:35:34,40.54,4,0
18.03.2020,11:35:36,40.54,4,0
18.03.2020,11:35:38,40.54,4,0
18.03.2020,11:35:39,40.54,4,0
18.03.2020,11:35:41,40.54,4,0
18.03.2020,11:35:43,40.54,4,0
18.03.2020,11:35:44,40.54,4,0
18.03.2020,11:35:46,40.54,4,0
18.03.2020,11:35:48,40.54,4,0
18.03.2020,11:35:50,40.54,4,0
18.03.2020,11:35:52,40.54,4,0
18.03.2020,11:35:54,40.54,4,0
18.03.2020,11:35:55,40.54,4,0
18.03.2020,11:35:57,40.54,4,0
18.03.2020,11:35:59,40.44,4,0
18.03.2020,11:36:01,40.44,4,0
18.03.2020,11:36:02,40.44,4,0
18.03.2020,11:36:04,40.44,4,0
18.03.2020,11:36:06,40.44,4,0
18.03.2020,11:36:07,40.44,4,0
18.03.2020,11:36:09,40.44,4,0
18.03.2020,11:36:11,40.44,4,0
18.03.2020,11:36:12,40.44,4,0
18.03.2020,11:36:14,40.44,4,0
18.03.2020,11:36:16,40.44,4,0
18.03.2020,11:36:18,40.44,4,0
18.03.2020,11:36:19,40.44,4,0
18.03.2020,11:36:21,40.44,4,0
18.03.2020,11:36:23,40.44,4,0
18.03.2020,11:36:24,40.44,4,0
18.03.2020,11:36:26,40.44,4,0
18.03.2020,11:36:28,40.44,4,0
18.03.2020,11:36:29,40.44,4,0
18.03.2020,11:36:31,40.44,4,0
18.03.2020,11:36:33,40.44,4,0
18.03.2020,11:36:35,40.44,4,0
18.03.2020,11:36:37,40.44,4,0
18.03.2020,11:36:38,40.44,4,0
18.03.2020,11:36:40,40.44,4,0
18.03.2020,11:36:42,40.44,4,0
18.03.2020,11:36:44,40.44,4,0
18.03.2020,11:36:45,0,4,0
18.03.2020,11:36:46,0,4,0
18.03.2020,11:36:47,0,4,0
18.03.2020,11:36:49,0,4,0
18.03.2020,11:36:51,0,4,0
18.03.2020,11:36:53,0,4,0
18.03.2020,11:36:54,0,4,0
18.03.2020,11:36:56,0,4,0
18.03.2020,11:36:58,0,4,0
18.03.2020,11:36:59,0,4,0
18.03.2020,11:37:01,0,4,0
18.03.2020,11:37:03,0,4,0
18.03.2020,11:37:05,0,4,0
18.03.2020,11:37:06,0,4,0
18.03.2020,11:37:08,0,4,0
18.03.2020,11:37:10,0,4,0
18.03.2020,11:37:11,0,3.9,0
18.03.2020,11:37:13,0,4,0
18.03.2020,11:37:15,0,4,0
18.03.2020,11:37:16,0,4,0
18.03.2020,11:37:18,0,4,0
18.03.2020,11:37:20,0,4,0
18.03.2020,11:37:22,0,4,0
18.03.2020,11:37:23,0,4,0
18.03.2020,11:37:25,0,4,0
18.03.2020,11:37:27,0,4,0
18.03.2020,11:37:28,0,4,0
18.03.2020,11:37:30,0,4,0
18.03.2020,11:37:32,0,4,0
18.03.2020,11:37:33,0,4,0
18.03.2020,11:37:35,0,4,0
18.03.2020,11:37:37,0,4,0
18.03.2020,11:37:39,0,4,0
18.03.2020,11:37:40,0,4,0
18.03.2020,11:37:42,0,4,0
18.03.2020,11:37:44,40.32,4,0
18.03.2020,11:37:45,40.32,4,0
18.03.2020,11:37:47,40.32,4,0
18.03.2020,11:37:49,40.32,4,0
18.03.2020,11:37:51,40.32,4,0
18.03.2020,11:37:52,40.32,4,0
18.03.2020,11:37:54,40.32,4,0
18.03.2020,11:37:56,40.32,4,0
18.03.2020,11:37:57,40.32,4,0
18.03.2020,11:37:59,40.32,4,0
18.03.2020,11:38:01,40.32,4,0
18.03.2020,11:38:02,40.32,4,0
18.03.2020,11:38:04,40.32,4,0
18.03.2020,11:38:06,40.32,4,0
18.03.2020,11:38:08,40.32,4,0
18.03.2020,11:38:09,40.32,4,0
18.03.2020,11:38:11,40.32,4,0
18.03.2020,11:38:13,40.32,4,0
18.03.2020,11:38:14,40.32,4,0
18.03.2020,11:38:16,40.32,3.9,0
18.03.2020,11:38:18,40.32,4,0
18.03.2020,11:38:19,40.32,4,0
18.03.2020,11:38:21,40.32,4,0
18.03.2020,11:38:23,40.32,4,0
18.03.2020,11:38:25,40.32,4,0
18.03.2020,11:38:26,40.32,4,0
18.03.2020,11:38:28,40.32,4,0
18.03.2020,11:38:29,0,4,0
18.03.2020,11:38:31,0,4,0
18.03.2020,11:38:33,0,4,0
18.03.2020,11:38:34,0,3.9,0
18.03.2020,11:38:36,0,4,0
18.03.2020,11:38:38,0,4,0
18.03.2020,11:38:40,0,4,0
18.03.2020,11:38:41,0,4,0
18.03.2020,11:38:43,0,4,0
18.03.2020,11:38:45,0,4,0
18.03.2020,11:38:46,0,4,0
18.03.2020,11:38:48,0,4,0
18.03.2020,11:38:50,0,4,0
18.03.2020,11:38:51,0,4,0
18.03.2020,11:38:53,0,4,0
18.03.2020,11:38:55,0,4,0
18.03.2020,11:38:57,0,4,0
18.03.2020,11:38:58,0,4,0
18.03.2020,11:39:00,0,4,0
18.03.2020,11:39:02,0,4,0
18.03.2020,11:39:03,0,4,0
18.03.2020,11:39:05,0,4,0
18.03.2020,11:39:07,0,4,0
18.03.2020,11:39:08,0,4,0
18.03.2020,11:39:10,0,4,0
18.03.2020,11:39:12,0,4,0
18.03.2020,11:39:14,0,4,0
18.03.2020,11:39:15,0,3.9,0
18.03.2020,11:39:17,0,3.8,0
18.03.2020,11:39:19,0,3.8,0
18.03.2020,11:39:20,0,3.9,0
18.03.2020,11:39:22,0,3.8,0
18.03.2020,11:39:24,0,3.9,0
18.03.2020,11:39:26,0,3.9,0
18.03.2020,11:39:27,0,3.9,0
18.03.2020,11:39:29,0,3.9,0
18.03.2020,11:39:31,0,3.9,0
18.03.2020,11:39:32,0,3.9,0
18.03.2020,11:39:34,0,3.9,0
18.03.2020,11:39:36,0,3.9,0
18.03.2020,11:39:37,0,3.9,0
18.03.2020,11:39:39,0,3.9,0
18.03.2020,11:39:41,0,3.9,0
18.03.2020,11:39:43,0,3.9,0
18.03.2020,11:39:44,0,3.9,0
18.03.2020,11:39:46,0,3.8,0
18.03.2020,11:39:48,0,3.8,0
18.03.2020,11:39:49,0,3.8,0
18.03.2020,11:39:51,0,3.9,0
18.03.2020,11:39:53,0,3.9,0
18.03.2020,11:39:54,0,3.8,0
18.03.2020,11:39:56,0,3.9,0
18.03.2020,11:39:58,0,3.9,0
18.03.2020,11:40:00,0,3.9,0
18.03.2020,11:40:01,0,3.9,0
18.03.2020,11:40:03,0,3.8,0
18.03.2020,11:40:05,0,3.9,0
18.03.2020,11:40:06,0,3.9,0
18.03.2020,11:40:08,0,3.9,0
18.03.2020,11:40:10,0,3.8,0
18.03.2020,11:40:12,0,3.9,0
18.03.2020,11:40:13,0,3.9,0
18.03.2020,11:40:15,0,3.8,0
18.03.2020,11:40:17,0,3.8,0
18.03.2020,11:40:18,0,3.9,0
18.03.2020,11:40:20,0,3.9,0
18.03.2020,11:40:22,0,3.9,0
18.03.2020,11:40:23,0,3.9,0
18.03.2020,11:40:25,0,3.9,0
18.03.2020,11:40:27,0,3.8,0
18.03.2020,11:40:29,0,3.9,0
18.03.2020,11:40:30,0,3.9,0
18.03.2020,11:40:32,0,3.8,0
18.03.2020,11:40:34,0,3.9,0
18.03.2020,11:40:35,0,3.9,0
18.03.2020,11:40:37,0,3.8,0
18.03.2020,11:40:39,0,3.9,0
18.03.2020,11:40:40,0,3.8,0
18.03.2020,11:40:42,0,3.8,0
18.03.2020,11:40:44,0,3.9,0
18.03.2020,11:40:46,0,3.9,0
18.03.2020,11:40:47,0,3.8,0
18.03.2020,11:40:49,0,3.8,0
18.03.2020,11:40:51,0,3.9,0
18.03.2020,11:40:52,0,3.8,0
18.03.2020,11:40:54,0,3.9,0
18.03.2020,11:40:56,0,3.9,0
18.03.2020,11:40:58,0,3.9,0
18.03.2020,11:40:59,0,3.8,0
18.03.2020,11:41:01,0,3.9,0
18.03.2020,11:41:03,0,3.9,0
18.03.2020,11:41:05,0,3.8,0
18.03.2020,11:41:08,0,3.9,0
18.03.2020,11:41:10,0,3.9,0
18.03.2020,11:41:11,0,3.9,0
18.03.2020,11:41:13,0,3.9,0
18.03.2020,11:41:15,0,3.9,0
18.03.2020,11:41:17,0,3.8,0
18.03.2020,11:41:18,0,3.9,0
18.03.2020,11:41:20,0,3.8,0
18.03.2020,11:41:22,0,3.8,0
18.03.2020,11:41:24,0,3.8,0
18.03.2020,11:41:25,0,3.9,0
18.03.2020,11:41:27,0,3.9,0
18.03.2020,11:41:29,0,3.8,0
18.03.2020,11:41:30,0,3.8,0
18.03.2020,11:41:32,0,3.8,0
18.03.2020,11:41:34,0,3.9,0
18.03.2020,11:41:36,0,3.9,0
18.03.2020,11:41:37,0,3.9,0
18.03.2020,11:41:39,0,3.8,0
18.03.2020,11:41:41,0,3.8,0
18.03.2020,11:41:43,0,3.9,0
18.03.2020,11:41:44,0,3.9,0
18.03.2020,11:41:46,0,3.9,0
18.03.2020,11:41:48,0,3.9,0
18.03.2020,11:41:49,0,3.9,0
18.03.2020,11:41:50,0,3.9,0
18.03.2020,11:41:51,0,3.9,0
18.03.2020,11:41:53,0,3.9,0
18.03.2020,11:41:55,0,3.8,0
18.03.2020,11:41:57,0,3.8,0
18.03.2020,11:41:58,0,3.9,0
18.03.2020,11:42:00,0,3.8,0
18.03.2020,11:42:02,0,3.8,0
18.03.2020,11:42:04,0,3.8,0
18.03.2020,11:42:05,0,3.8,0
18.03.2020,11:42:07,0,3.9,0
18.03.2020,11:42:09,0,3.9,0
18.03.2020,11:42:11,0,3.9,0
18.03.2020,11:42:13,0,3.9,0
18.03.2020,11:42:14,0,3.8,0
18.03.2020,11:42:16,0,3.8,0
18.03.2020,11:42:18,0,3.8,0
18.03.2020,11:42:20,0,3.8,0
18.03.2020,11:42:21,0,3.8,0
18.03.2020,11:42:23,0,3.9,0
18.03.2020,11:42:25,0,3.9,0
18.03.2020,11:42:27,0,3.9,0
18.03.2020,11:42:28,0,3.9,0
18.03.2020,11:42:30,0,3.9,0
18.03.2020,11:42:32,0,3.8,0
18.03.2020,11:42:33,0,3.8,0
18.03.2020,11:42:35,0,3.9,0
18.03.2020,11:42:37,0,3.8,0
18.03.2020,11:42:39,0,3.9,0
18.03.2020,11:42:40,0,3.9,0
18.03.2020,11:42:42,0,3.9,0
18.03.2020,11:42:44,0,3.9,0
18.03.2020,11:42:45,0,3.8,0
18.03.2020,11:42:47,0,3.8,0
18.03.2020,11:42:49,0,3.9,0
18.03.2020,11:42:51,0,3.9,0
18.03.2020,11:42:53,0,3.9,0
18.03.2020,11:42:54,0,3.9,0
18.03.2020,11:42:56,0,3.8,0
18.03.2020,11:42:58,0,3.9,0
18.03.2020,11:42:59,0,3.8,0
18.03.2020,11:43:01,0,3.9,0
18.03.2020,11:43:03,0,3.8,0
18.03.2020,11:43:05,0,3.9,0
18.03.2020,11:43:06,0,3.9,0
18.03.2020,11:43:08,0,3.9,0
18.03.2020,11:43:10,0,3.9,0
18.03.2020,11:43:12,0,3.9,0
18.03.2020,11:43:13,0,3.9,0
18.03.2020,11:43:15,0,3.9,0
18.03.2020,11:43:17,0,3.8,0
18.03.2020,11:43:18,0,3.9,0
18.03.2020,11:43:20,0,3.8,0
18.03.2020,11:43:21,0,3.9,0
18.03.2020,11:43:23,0,3.9,0
18.03.2020,11:43:25,0,3.9,0
18.03.2020,11:43:26,0,3.8,0
18.03.2020,11:43:28,0,3.9,0
18.03.2020,11:43:30,0,3.9,0
18.03.2020,11:43:32,0,3.8,0
18.03.2020,11:43:33,0,3.8,0
18.03.2020,11:43:35,0,3.9,0
18.03.2020,11:43:37,0,3.9,0
18.03.2020,11:43:38,0,3.9,0
18.03.2020,11:43:40,0,3.9,0
18.03.2020,11:43:42,0,3.8,0
18.03.2020,11:43:43,0,3.9,0
18.03.2020,11:43:45,0,3.9,0
18.03.2020,11:43:47,0,3.9,0
18.03.2020,11:43:49,0,3.9,0
18.03.2020,11:43:50,0,3.8,0
18.03.2020,11:43:52,0,3.8,0
18.03.2020,11:43:54,0,3.9,0
18.03.2020,11:43:55,0,3.8,0
18.03.2020,11:43:57,0,3.8,0
18.03.2020,11:43:59,0,3.8,0
18.03.2020,11:44:00,0,3.8,0
18.03.2020,11:44:02,0,3.9,0
18.03.2020,11:44:04,0,3.8,0
18.03.2020,11:44:06,0,3.9,0
18.03.2020,11:44:07,0,3.9,0
18.03.2020,11:44:09,0,3.9,0
18.03.2020,11:44:11,0,3.9,0
18.03.2020,11:44:13,0,3.9,0
18.03.2020,11:44:14,0,3.9,0
18.03.2020,11:44:16,0,3.8,0
18.03.2020,11:44:18,0,3.9,0
18.03.2020,11:44:20,0,3.8,0
18.03.2020,11:44:21,0,3.9,0
18.03.2020,11:44:23,0,3.8,0
18.03.2020,11:44:25,0,3.9,0
18.03.2020,11:44:27,0,3.9,0
18.03.2020,11:44:51,0,3.9,0
18.03.2020,11:44:52,0,3.9,0
18.03.2020,11:44:53,0,3.9,0
18.03.2020,11:44:55,0,3.9,0
18.03.2020,11:44:56,0,3.9,0
18.03.2020,11:44:58,0,3.9,0
18.03.2020,11:45:00,0,3.8,0
18.03.2020,11:45:02,0,3.9,0
18.03.2020,11:45:04,0,3.9,0
18.03.2020,11:45:05,0,3.9,0
18.03.2020,11:45:07,0,3.9,0
18.03.2020,11:45:09,0,3.8,0
18.03.2020,11:45:10,0,3.8,0
18.03.2020,11:45:12,0,3.9,0
18.03.2020,11:45:14,0,3.9,0
18.03.2020,11:45:15,0,3.8,0
18.03.2020,11:45:17,0,3.9,0
18.03.2020,11:45:19,0,3.9,0
18.03.2020,11:45:21,0,3.8,0
18.03.2020,11:45:22,0,3.9,0
18.03.2020,11:45:24,0,3.8,0
18.03.2020,11:45:26,0,3.8,0
18.03.2020,11:45:27,0,3.9,0
18.03.2020,11:45:29,0,3.9,0
18.03.2020,11:45:31,0,3.8,0
18.03.2020,11:45:33,0,3.9,0
18.03.2020,11:45:34,0,3.8,0
18.03.2020,11:45:36,0,3.9,0
18.03.2020,11:45:38,0,3.9,0
18.03.2020,11:45:40,0,3.9,0
18.03.2020,11:45:42,0,3.9,0
18.03.2020,11:45:43,0,3.8,0
18.03.2020,11:45:45,0,3.9,0
18.03.2020,11:45:47,0,3.9,0
18.03.2020,11:45:49,0,3.9,0
18.03.2020,11:45:51,0,3.9,0
18.03.2020,11:45:53,0,3.9,0
18.03.2020,11:45:54,0,3.9,0
18.03.2020,11:45:56,0,3.8,0
18.03.2020,11:45:58,0,3.9,0
18.03.2020,11:46:00,0,3.9,0
18.03.2020,11:46:02,0,3.9,0
18.03.2020,11:46:03,0,3.9,0
18.03.2020,11:46:05,0,3.9,0
18.03.2020,11:46:07,0,3.8,0
18.03.2020,11:46:09,0,3.9,0
18.03.2020,11:46:10,0,3.9,0
18.03.2020,11:46:12,0,3.9,0
18.03.2020,11:46:14,0,3.9,0
18.03.2020,11:46:15,0,3.9,0
18.03.2020,11:46:17,0,3.9,0
18.03.2020,11:46:19,0,3.9,0
18.03.2020,11:46:21,0,3.9,0
18.03.2020,11:46:22,0,3.8,0
18.03.2020,11:46:24,0,3.8,0
18.03.2020,11:46:26,0,3.9,0
18.03.2020,11:46:27,0,3.9,0
18.03.2020,11:46:29,0,3.9,0
18.03.2020,11:46:31,0,3.9,0
18.03.2020,11:46:33,0,3.9,0
18.03.2020,11:46:34,0,3.8,0
18.03.2020,11:46:36,0,3.8,0
18.03.2020,11:46:38,0,3.8,0
18.03.2020,11:46:39,0,3.9,0
18.03.2020,11:46:40,0,3.9,0
18.03.2020,11:46:41,0,3.9,0
18.03.2020,11:46:43,0,3.9,0
18.03.2020,11:46:45,0,3.9,0
18.03.2020,11:46:47,0,3.8,0
18.03.2020,11:46:48,0,3.9,0
18.03.2020,11:46:50,0,3.9,0
18.03.2020,11:46:52,0,3.9,0
18.03.2020,11:46:53,0,3.8,0
18.03.2020,11:46:55,0,3.8,0
18.03.2020,11:46:57,0,3.9,0
18.03.2020,11:46:59,0,3.9,0
18.03.2020,11:47:00,0,3.9,0
18.03.2020,11:47:02,0,3.9,0
18.03.2020,11:47:04,0,3.9,0
18.03.2020,11:47:05,0,3.9,0
18.03.2020,11:47:07,0,3.9,0
18.03.2020,11:47:09,0,3.8,0
18.03.2020,11:47:10,0,3.9,0
18.03.2020,11:47:12,0,3.9,0
18.03.2020,11:47:14,0,3.9,0
18.03.2020,11:47:16,0,3.9,0
18.03.2020,11:47:17,0,3.8,0
18.03.2020,11:47:19,0,3.9,0
18.03.2020,11:47:21,0,3.8,0
18.03.2020,11:47:22,0,3.9,0
18.03.2020,11:47:24,0,3.9,0
18.03.2020,11:47:26,0,3.9,0
18.03.2020,11:47:27,0,3.8,0
18.03.2020,11:47:29,0,3.9,0
18.03.2020,11:47:31,0,3.8,0
18.03.2020,11:47:33,0,3.9,0
18.03.2020,11:47:34,0,3.9,0
18.03.2020,11:47:36,0,3.9,0
18.03.2020,11:47:38,0,3.8,0
18.03.2020,11:47:39,0,3.8,0
18.03.2020,11:47:41,0,3.9,0
18.03.2020,11:47:43,0,3.8,0
18.03.2020,11:47:45,0,3.9,0
18.03.2020,11:47:46,0,3.8,0
18.03.2020,11:47:48,0,3.9,0
18.03.2020,11:47:50,0,3.9,0
18.03.2020,11:47:51,0,3.9,0
18.03.2020,11:47:53,0,3.8,0
18.03.2020,11:47:55,0,3.9,0
18.03.2020,11:47:56,0,3.9,0
18.03.2020,11:47:58,0,3.8,0
18.03.2020,11:48:00,0,3.9,0
18.03.2020,11:48:02,0,3.8,0
18.03.2020,11:48:03,0,3.9,0
18.03.2020,11:48:05,0,3.8,0
18.03.2020,11:48:07,0,3.9,0
18.03.2020,11:48:08,0,3.9,0
18.03.2020,11:48:10,0,3.8,0
18.03.2020,11:48:12,0,3.9,0
18.03.2020,11:48:13,0,3.9,0
18.03.2020,11:48:15,0,3.9,0
18.03.2020,11:48:17,0,3.9,0
18.03.2020,11:48:19,0,3.9,0
18.03.2020,11:48:20,0,3.9,0
18.03.2020,11:48:22,0,3.8,0
18.03.2020,11:48:24,0,3.9,0
18.03.2020,11:48:25,0,3.9,0
18.03.2020,11:48:27,0,3.9,0
18.03.2020,11:48:29,0,3.9,0
18.03.2020,11:48:31,0,3.8,0
18.03.2020,11:48:32,0,3.8,0
18.03.2020,11:48:34,0,3.8,0
18.03.2020,11:48:36,0,3.9,0
18.03.2020,11:48:37,0,3.9,0
18.03.2020,11:48:39,0,3.9,0
18.03.2020,11:48:41,0,3.9,0
18.03.2020,11:48:42,0,3.9,0
18.03.2020,11:48:44,0,3.9,0
18.03.2020,11:48:46,0,3.9,0
18.03.2020,11:48:48,0,3.8,0
18.03.2020,11:48:49,0,3.8,0
18.03.2020,11:48:51,0,3.9,0
18.03.2020,11:48:53,0,3.9,0
18.03.2020,11:48:54,0,3.9,0
18.03.2020,11:48:56,0,3.9,0
18.03.2020,11:48:58,0,3.9,0
18.03.2020,11:49:00,0,3.8,0
18.03.2020,11:49:01,0,3.9,0
18.03.2020,11:49:03,0,3.9,0
18.03.2020,11:49:05,0,3.9,0
18.03.2020,11:49:06,0,3.8,0
18.03.2020,11:49:08,0,3.9,0
18.03.2020,11:49:10,0,3.9,0
18.03.2020,11:49:11,0,3.8,0
18.03.2020,11:49:13,0,3.9,0
18.03.2020,11:49:15,0,3.9,0
18.03.2020,11:49:17,0,3.9,0
18.03.2020,11:49:18,0,3.9,0
18.03.2020,11:49:20,0,3.8,0
18.03.2020,11:49:22,0,3.9,0
18.03.2020,11:49:23,0,3.9,0
18.03.2020,11:49:25,0,3.9,0
18.03.2020,11:49:27,0,3.9,0
18.03.2020,11:49:28,0,3.8,0
18.03.2020,11:49:30,0,3.8,0
18.03.2020,11:49:32,0,3.9,0
18.03.2020,11:49:34,0,3.9,0
18.03.2020,11:49:35,0,3.9,0
18.03.2020,11:49:37,0,3.9,0
18.03.2020,11:49:39,0,3.9,0
18.03.2020,11:49:40,0,3.9,0
18.03.2020,11:49:42,0,3.9,0
18.03.2020,11:49:44,0,3.9,0
18.03.2020,11:49:46,0,3.8,0
18.03.2020,11:49:47,0,3.8,0
18.03.2020,11:49:49,0,3.9,0
18.03.2020,11:49:51,0,3.9,0
18.03.2020,11:49:52,0,3.8,0
18.03.2020,11:49:54,0,3.9,0
18.03.2020,11:49:56,0,3.9,0
18.03.2020,11:49:57,0,3.9,0
18.03.2020,11:49:59,0,3.9,0
18.03.2020,11:50:01,0,3.8,0
18.03.2020,11:50:03,0,3.9,0
18.03.2020,11:50:04,0,3.9,0
18.03.2020,11:50:06,0,3.9,0
18.03.2020,11:50:08,0,3.9,0
